"gene_a","gene_b","fr_label","sl_label_dekegel"
"CCNL2","CCNL1","FR_negative","TRUE"
"CDK6","CDK4","FR_negative","TRUE"
"GSK3B","GSK3A","FR_negative","TRUE"
"G3BP2","G3BP1","FR_negative","TRUE"
"CNOT8","CNOT7","FR_negative","TRUE"
"SEC24B","SEC24A","FR_negative","TRUE"
"COQ10B","COQ10A","FR_negative","TRUE"
"PDS5B","PDS5A","FR_negative","TRUE"
"ARPP19","ENSA","ambiguous","FALSE"
"ACSL3","ACSL4","FR_negative","TRUE"
"HNRNPD","HNRNPAB","FR_negative","TRUE"
"SPOPL","SPOP","FR_negative","TRUE"
"OXSR1","STK39","FR_negative","TRUE"
"TLK2","TLK1","FR_negative","TRUE"
"ROCK2","ROCK1","FR_negative","TRUE"
"AKIRIN1","AKIRIN2","FR_negative","TRUE"
"EIF1B","EIF1","FR_negative","TRUE"
"AP2A1","AP2A2","FR_negative","TRUE"
"CREBBP","EP300","FR_negative","TRUE"
"TIAL1","TIA1","FR_negative","TRUE"
"CLASP2","CLASP1","ambiguous","FALSE"
"RALB","RALA","FR_negative","TRUE"
"SLC25A28","SLC25A37","FR_negative","TRUE"
"MAPK3","MAPK1","FR_negative","TRUE"
"VPS4B","VPS4A","FR_negative","TRUE"
"MED13L","MED13","FR_negative","TRUE"
"FAM50B","FAM50A","FR_negative","TRUE"
"ARFGEF1","ARFGEF2","FR_negative","TRUE"
"CHML","CHM","FR_negative","TRUE"
"DDX39B","DDX39A","FR_negative","TRUE"
"COPG2","COPG1","FR_negative","TRUE"
"CSTF2T","CSTF2","FR_negative","TRUE"
"STAG2","STAG1","FR_negative","TRUE"
"PRMT8","PRMT1","ambiguous","FALSE"
"PITPNB","PITPNA","FR_negative","TRUE"
"UBE2B","UBE2A","FR_negative","TRUE"
"DMXL2","DMXL1","FR_negative","TRUE"
"DYNC1I2","DYNC1I1","FR_negative","TRUE"
"FAM126B","FAM126A","FR_negative","TRUE"
"BRD3","BRD2","FR_negative","TRUE"
"AP1B1","AP2B1","FR_negative","TRUE"
"NONO","PSPC1","FR_negative","TRUE"
"SEPHS2","SEPHS1","FR_negative","TRUE"
"PMM2","PMM1","FR_negative","TRUE"
"RPRML","RPRM","FR_negative","TRUE"
"TOP2B","TOP2A","FR_negative","TRUE"
"NABP2","NABP1","FR_negative","TRUE"
"CAB39L","CAB39","FR_negative","TRUE"
"GDI2","GDI1","FR_negative","TRUE"
"CHMP1B","CHMP1A","FR_negative","TRUE"
"ZNF143","ZNF76","FR_negative","TRUE"
"EEF1A2","EEF1A1","FR_negative","TRUE"
"MAP2K2","MAP2K1","FR_negative","TRUE"
"RRAGB","RRAGA","FR_negative","TRUE"
"SAFB2","SAFB","FR_negative","TRUE"
"ACO1","IREB2","FR_negative","TRUE"
"CLTCL1","CLTC","ambiguous","FALSE"
"TRA2B","TRA2A","FR_negative","TRUE"
"NDEL1","NDE1","FR_negative","TRUE"
"RABL2B","RABL2A","FR_negative","TRUE"
"POM121C","POM121","FR_negative","TRUE"
"CLVS2","CLVS1","ambiguous","FALSE"
"ARPC5","ARPC5L","FR_negative","TRUE"
"SEC23B","SEC23A","FR_negative","TRUE"
"ARL8A","ARL8B","FR_negative","TRUE"
"DYNLL2","DYNLL1","FR_negative","TRUE"
"PSMB5","PSMB8","ambiguous","FALSE"
"PRPF40B","PRPF40A","ambiguous","FALSE"
"IMPDH2","IMPDH1","FR_negative","TRUE"
"ARPC1A","ARPC1B","FR_negative","TRUE"
"PPP2R1B","PPP2R1A","FR_negative","TRUE"
"SNRPA","SNRPB2","FR_negative","TRUE"
"TRIM63","TRIM54","FR_negative","TRUE"
"STAM2","STAM","FR_negative","TRUE"
"MAGOHB","MAGOH","ambiguous","FALSE"
"VAPB","VAPA","FR_negative","TRUE"
"NAA11","NAA10","ambiguous","FALSE"
"CDS2","CDS1","FR_negative","TRUE"
"TNKS2","TNKS","FR_negative","TRUE"
"RPL22L1","RPL22","FR_negative","TRUE"
"SHMT2","SHMT1","FR_negative","TRUE"
"ATP6V1C1","ATP6V1C2","FR_negative","TRUE"
"CKS2","CKS1B","FR_negative","TRUE"
"USP44","USP49","FR_negative","TRUE"
"SEC24D","SEC24C","FR_negative","TRUE"
"CDK11B","CDK11A","FR_negative","TRUE"
"TRIM16L","TRIM16","FR_negative","TRUE"
"RPS27L","RPS27","FR_negative","TRUE"
"DNAH17","DNAH11","FR_negative","TRUE"
"F11","KLKB1","FR_negative","TRUE"
"ARG1","ARG2","FR_negative","TRUE"
"ATP6V1E1","ATP6V1E2","FR_negative","TRUE"
"RRM2B","RRM2","FR_negative","TRUE"
"SLC20A2","SLC20A1","FR_negative","TRUE"
"PLAGL2","PLAG1","FR_negative","TRUE"
"ARID1A","ARID1B","FR_negative","TRUE"
"BMP8B","BMP8A","FR_negative","TRUE"
"SAR1B","SAR1A","FR_negative","TRUE"
"DDX21","DDX50","ambiguous","FALSE"
"DDX17","DDX5","ambiguous","FALSE"
"NXT2","NXT1","ambiguous","FALSE"
"AP1G1","AP1G2","ambiguous","FALSE"
"DNAH7","DNAH3","ambiguous","FALSE"
"UGGT2","UGGT1","ambiguous","FALSE"
"DYNC1LI2","DYNC1LI1","ambiguous","FALSE"
"XCL2","XCL1","ambiguous","FALSE"
"IDH2","IDH1","ambiguous","FALSE"
"WASHC2C","WASHC2A","ambiguous","FALSE"
"TMED4","TMED9","ambiguous","FALSE"
"SMARCA4","SMARCA2","ambiguous","FALSE"
"TNPO2","TNPO1","ambiguous","FALSE"
"LYPLA2","LYPLA1","ambiguous","FALSE"
"HSP90AB1","HSP90AA1","FR_negative","TRUE"
"TRPC5","TRPC4","ambiguous","FALSE"
"DNAJC5B","DNAJC5","ambiguous","FALSE"
"CRKL","CRK","ambiguous","FALSE"
"GRIP2","GRIP1","ambiguous","FALSE"
"GPAT4","GPAT3","ambiguous","FALSE"
"MAT2A","MAT1A","ambiguous","FALSE"
"SLC35D2","SLC35D1","ambiguous","FALSE"
"COX6A2","COX6A1","ambiguous","FALSE"
"EFNB2","EFNB1","ambiguous","FALSE"
"PPA2","PPA1","ambiguous","FALSE"
"UAP1L1","UAP1","ambiguous","FALSE"
"CARHSP1","CSDC2","ambiguous","FALSE"
"RNF113B","RNF113A","FR_positive","FALSE"
"ZNF552","ZNF587B","ambiguous","FALSE"
"MAPKAPK3","MAPKAPK2","ambiguous","FALSE"
"LHX4","LHX3","ambiguous","FALSE"
"ABHD4","ABHD5","ambiguous","FALSE"
"CAPZA2","CAPZA1","ambiguous","FALSE"
"HTN3","HTN1","ambiguous","FALSE"
"INTS6L","INTS6","ambiguous","FALSE"
"ALG10","ALG10B","ambiguous","FALSE"
"OSBPL11","OSBPL10","ambiguous","FALSE"
"PUM2","PUM1","FR_negative","TRUE"
"CXorf40B","CXorf40A","ambiguous","FALSE"
"ARHGAP35","ARHGAP5","ambiguous","FALSE"
"UNC45B","UNC45A","ambiguous","FALSE"
"HMGCS2","HMGCS1","ambiguous","FALSE"
"KATNAL1","KATNA1","FR_negative","TRUE"
"NR1H3","NR1H2","ambiguous","FALSE"
"TUBG2","TUBG1","ambiguous","FALSE"
"GNA13","GNA12","ambiguous","FALSE"
"MORF4L2","MORF4L1","ambiguous","FALSE"
"H2AFZ","H2AFV","FR_negative","TRUE"
"CEPT1","CHPT1","FR_negative","TRUE"
"PLA2G2E","PLA2G2A","ambiguous","FALSE"
"MAPRE3","MAPRE1","ambiguous","FALSE"
"ACVR2A","ACVR2B","ambiguous","FALSE"
"LGR6","LGR5","FR_positive","FALSE"
"EML6","EML5","ambiguous","FALSE"
"UHRF2","UHRF1","ambiguous","FALSE"
"FRAT2","FRAT1","ambiguous","FALSE"
"ADAMTS10","ADAMTS6","ambiguous","FALSE"
"ELOVL5","ELOVL2","ambiguous","FALSE"
"TSPAN31","TSPAN13","ambiguous","FALSE"
"ASF1A","ASF1B","FR_negative","TRUE"
"ZNF280B","ZNF280A","FR_positive","FALSE"
"AMPD1","AMPD3","ambiguous","FALSE"
"CETN2","CETN1","ambiguous","FALSE"
"TP73","TP63","ambiguous","FALSE"
"FBXO17","FBXO27","ambiguous","FALSE"
"RHD","RHCE","ambiguous","FALSE"
"LRP6","LRP5","ambiguous","FALSE"
"RASA3","RASA2","ambiguous","FALSE"
"PKM","PKLR","ambiguous","FALSE"
"EVI5L","EVI5","ambiguous","FALSE"
"SLC11A2","SLC11A1","ambiguous","FALSE"
"EXOC6B","EXOC6","ambiguous","FALSE"
"RRAGD","RRAGC","ambiguous","FALSE"
"PHTF2","PHTF1","ambiguous","FALSE"
"NKIRAS2","NKIRAS1","ambiguous","FALSE"
"DDX3Y","DDX3X","ambiguous","FALSE"
"ACVR1","ACVRL1","ambiguous","FALSE"
"KCNJ10","KCNJ15","ambiguous","FALSE"
"ZNF503","ZNF703","ambiguous","FALSE"
"ATP2C1","ATP2C2","ambiguous","FALSE"
"PLCL2","PLCL1","FR_negative","TRUE"
"HMGCLL1","HMGCL","ambiguous","FALSE"
"FUCA2","FUCA1","ambiguous","FALSE"
"SIAH2","SIAH1","ambiguous","FALSE"
"FNDC3B","FNDC3A","FR_negative","TRUE"
"STAT5B","STAT5A","ambiguous","FALSE"
"TOMM40L","TOMM40","ambiguous","FALSE"
"NOL4L","NOL4","ambiguous","FALSE"
"ITIH3","ITIH1","ambiguous","FALSE"
"CLTB","CLTA","ambiguous","FALSE"
"RFX3","RFX2","FR_positive","FALSE"
"FCGR3B","FCGR3A","ambiguous","FALSE"
"FOLH1","NAALAD2","ambiguous","FALSE"
"SRSF9","SRSF1","ambiguous","FALSE"
"EAF2","EAF1","FR_negative","TRUE"
"LRIG3","LRIG2","ambiguous","FALSE"
"SH3GLB2","SH3GLB1","ambiguous","FALSE"
"MLLT3","MLLT1","ambiguous","FALSE"
"HECW2","HECW1","ambiguous","FALSE"
"VAV3","VAV1","ambiguous","FALSE"
"CORO2B","CORO2A","ambiguous","FALSE"
"CABP7","CALN1","ambiguous","FALSE"
"NPR2","NPR1","ambiguous","FALSE"
"RLN2","RLN1","ambiguous","FALSE"
"AADAC","AADACL2","ambiguous","FALSE"
"LARGE2","LARGE1","ambiguous","FALSE"
"DTNB","DTNA","ambiguous","FALSE"
"TLN2","TLN1","ambiguous","FALSE"
"ACTL7A","ACTL7B","ambiguous","FALSE"
"SBF2","SBF1","ambiguous","FALSE"
"USP9Y","USP9X","ambiguous","FALSE"
"THRB","THRA","ambiguous","FALSE"
"PTGS2","PTGS1","ambiguous","FALSE"
"KCTD3","SHKBP1","ambiguous","FALSE"
"PRELID3B","PRELID3A","FR_negative","TRUE"
"STEAP3","STEAP2","ambiguous","FALSE"
"TMEM120B","TMEM120A","ambiguous","FALSE"
"SYT4","SYT11","ambiguous","FALSE"
"CDRT1","FBXW10","ambiguous","FALSE"
"BEST4","BEST2","ambiguous","FALSE"
"ACACA","ACACB","FR_negative","TRUE"
"NR2C2","NR2C1","ambiguous","FALSE"
"DYNLRB2","DYNLRB1","ambiguous","FALSE"
"PCYT1B","PCYT1A","ambiguous","FALSE"
"SEMG2","SEMG1","ambiguous","FALSE"
"HS6ST3","HS6ST1","ambiguous","FALSE"
"SMARCC2","SMARCC1","ambiguous","FALSE"
"TMEM39B","TMEM39A","ambiguous","FALSE"
"ABCC1","ABCC3","ambiguous","FALSE"
"RBBP7","RBBP4","FR_negative","TRUE"
"TOP1MT","TOP1","FR_negative","TRUE"
"RUNDC3B","RUNDC3A","ambiguous","FALSE"
"CHIC2","CHIC1","ambiguous","FALSE"
"KCNK9","KCNK3","ambiguous","FALSE"
"WDFY2","WDFY1","ambiguous","FALSE"
"FAHD2B","FAHD2A","ambiguous","FALSE"
"BICD2","BICD1","ambiguous","FALSE"
"ZNF324B","ZNF324","ambiguous","FALSE"
"MID2","MID1","ambiguous","FALSE"
"AVIL","VIL1","ambiguous","FALSE"
"RASSF4","RASSF2","ambiguous","FALSE"
"AP3M1","AP3M2","ambiguous","FALSE"
"SLC52A2","SLC52A1","ambiguous","FALSE"
"LMAN2L","LMAN2","ambiguous","FALSE"
"HPR","HP","ambiguous","FALSE"
"SLC23A2","SLC23A1","ambiguous","FALSE"
"HOXA5","HOXB5","ambiguous","FALSE"
"GMPR2","GMPR","ambiguous","FALSE"
"ZMIZ2","ZMIZ1","ambiguous","FALSE"
"TIMM17B","TIMM17A","FR_negative","TRUE"
"GPD1L","GPD1","ambiguous","FALSE"
"VASH2","VASH1","ambiguous","FALSE"
"ADSS","ADSSL1","ambiguous","FALSE"
"GRM3","GRM2","ambiguous","FALSE"
"NIPSNAP3B","NIPSNAP3A","FR_positive","FALSE"
"NELL2","NELL1","ambiguous","FALSE"
"CHRNA5","CHRNB3","ambiguous","FALSE"
"GPSM2","GPSM1","ambiguous","FALSE"
"SLC27A1","SLC27A4","ambiguous","FALSE"
"WIPI2","WIPI1","ambiguous","FALSE"
"MPP2","MPP6","ambiguous","FALSE"
"ASB14","ASB15","ambiguous","FALSE"
"IPO5","RANBP6","ambiguous","FALSE"
"STXBP2","STXBP1","ambiguous","FALSE"
"PDCL3","PDCL2","ambiguous","FALSE"
"RNF144B","RNF144A","ambiguous","FALSE"
"MICB","MICA","ambiguous","FALSE"
"WNT8B","WNT8A","ambiguous","FALSE"
"DUSP21","DUSP18","ambiguous","FALSE"
"RMND5B","RMND5A","ambiguous","FALSE"
"TNFAIP8L2","TNFAIP8L1","ambiguous","FALSE"
"FUT2","FUT1","ambiguous","FALSE"
"UNC13B","UNC13A","ambiguous","FALSE"
"WNT5B","WNT5A","ambiguous","FALSE"
"ATG4A","ATG4B","ambiguous","FALSE"
"MX2","MX1","ambiguous","FALSE"
"CDRT15L2","CDRT15","ambiguous","FALSE"
"NR5A2","NR5A1","ambiguous","FALSE"
"SNAP25","SNAP23","ambiguous","FALSE"
"GALNT6","GALNT3","ambiguous","FALSE"
"RPL10L","RPL10","ambiguous","FALSE"
"TBPL2","TBP","ambiguous","FALSE"
"GRK3","GRK2","ambiguous","FALSE"
"OSBP2","OSBP","ambiguous","FALSE"
"TPST2","TPST1","ambiguous","FALSE"
"TRPM7","TRPM6","ambiguous","FALSE"
"CHD2","CHD1","ambiguous","FALSE"
"PURB","PURA","ambiguous","FALSE"
"GIT2","GIT1","ambiguous","FALSE"
"CSTB","CSTA","ambiguous","FALSE"
"CD151","TSPAN11","ambiguous","FALSE"
"RPS6KA5","RPS6KA4","ambiguous","FALSE"
"SP9","SP8","ambiguous","FALSE"
"ADARB1","ADARB2","ambiguous","FALSE"
"USP15","USP4","ambiguous","FALSE"
"UCHL3","UCHL1","ambiguous","FALSE"
"CTXN3","CTXN2","ambiguous","FALSE"
"BEX2","BEX1","ambiguous","FALSE"
"EDDM3B","EDDM3A","ambiguous","FALSE"
"RPL26L1","RPL26","ambiguous","FALSE"
"TIMM23B","TIMM23","ambiguous","FALSE"
"HNRNPR","SYNCRIP","FR_negative","TRUE"
"GCOM1","MYZAP","FR_positive","FALSE"
"NKAPL","NKAP","ambiguous","FALSE"
"JRKL","TIGD2","ambiguous","FALSE"
"ATP5L","ATP5L2","ambiguous","FALSE"
"CEACAM4","CEACAM3","ambiguous","FALSE"
"TMEM30B","TMEM30A","ambiguous","FALSE"
"P2RY4","P2RY2","ambiguous","FALSE"
"ARNT","ARNT2","ambiguous","FALSE"
"PROKR2","PROKR1","ambiguous","FALSE"
"SIGLEC11","SIGLEC10","ambiguous","FALSE"
"HACD2","HACD1","ambiguous","FALSE"
"KCNS3","KCNS2","ambiguous","FALSE"
"GRID2","GRID1","ambiguous","FALSE"
"NAV3","NAV2","ambiguous","FALSE"
"BIRC3","BIRC2","ambiguous","FALSE"
"SLC27A2","SLC27A6","ambiguous","FALSE"
"ZFHX4","ZFHX3","ambiguous","FALSE"
"AP3B1","AP3B2","ambiguous","FALSE"
"BARHL2","BARHL1","ambiguous","FALSE"
"GRIN2B","GRIN2A","ambiguous","FALSE"
"PPM1B","PPM1A","ambiguous","FALSE"
"PPIP5K2","PPIP5K1","ambiguous","FALSE"
"NXPH2","NXPH1","ambiguous","FALSE"
"GLUD2","GLUD1","ambiguous","FALSE"
"CDNF","MANF","ambiguous","FALSE"
"GRIK5","GRIK4","ambiguous","FALSE"
"PHOX2B","PHOX2A","ambiguous","FALSE"
"CAV3","CAV1","ambiguous","FALSE"
"USP20","USP33","ambiguous","FALSE"
"MYO7B","MYO7A","ambiguous","FALSE"
"SPRR2B","SPRR2A","ambiguous","FALSE"
"DTX4","DTX1","ambiguous","FALSE"
"AP1M1","AP1M2","ambiguous","FALSE"
"MAP3K3","MAP3K2","ambiguous","FALSE"
"SDK2","SDK1","ambiguous","FALSE"
"SUV39H2","SUV39H1","ambiguous","FALSE"
"ETNPPL","PHYKPL","ambiguous","FALSE"
"TMEM184B","TMEM184A","ambiguous","FALSE"
"SGSM2","SGSM1","ambiguous","FALSE"
"HNRNPLL","HNRNPL","FR_negative","TRUE"
"PGM1","PGM5","ambiguous","FALSE"
"SDCBP2","SDCBP","ambiguous","FALSE"
"RHBDF2","RHBDF1","ambiguous","FALSE"
"SAMD4B","SAMD4A","ambiguous","FALSE"
"TMED1","TMED5","ambiguous","FALSE"
"RNF20","RNF40","ambiguous","FALSE"
"TOM1L2","TOM1","ambiguous","FALSE"
"CDC42BPB","CDC42BPA","ambiguous","FALSE"
"NMT2","NMT1","ambiguous","FALSE"
"REG1B","REG1A","ambiguous","FALSE"
"SPAG11B","SPAG11A","ambiguous","FALSE"
"VPS26B","VPS26A","ambiguous","FALSE"
"MANEAL","MANEA","ambiguous","FALSE"
"FBP2","FBP1","ambiguous","FALSE"
"HSPA12B","HSPA12A","ambiguous","FALSE"
"REEP6","REEP5","ambiguous","FALSE"
"SDF2L1","SDF2","ambiguous","FALSE"
"RIMKLB","RIMKLA","ambiguous","FALSE"
"SLC24A4","SLC24A3","ambiguous","FALSE"
"TBC1D8B","TBC1D8","ambiguous","FALSE"
"FURIN","PCSK4","ambiguous","FALSE"
"CHSY3","CHSY1","ambiguous","FALSE"
"FKBP9","FKBP10","ambiguous","FALSE"
"MAP3K13","MAP3K12","ambiguous","FALSE"
"SCD5","SCD","ambiguous","FALSE"
"CCT6B","CCT6A","FR_negative","TRUE"
"ANGPTL1","ANGPTL2","ambiguous","FALSE"
"ATP13A4","ATP13A5","ambiguous","FALSE"
"PFN2","PFN1","FR_negative","TRUE"
"EPC2","EPC1","FR_negative","TRUE"
"ELOVL1","ELOVL7","ambiguous","FALSE"
"ZNF423","ZNF521","ambiguous","FALSE"
"SLC9A4","SLC9A2","ambiguous","FALSE"
"SEPT3","SEPT12","ambiguous","FALSE"
"FAM209B","FAM209A","ambiguous","FALSE"
"TACR3","TACR1","ambiguous","FALSE"
"RANBP17","XPO7","ambiguous","FALSE"
"LARP1B","LARP1","ambiguous","FALSE"
"AP3S1","AP3S2","ambiguous","FALSE"
"ZNF562","ZNF561","FR_positive","FALSE"
"NT5C","NT5M","ambiguous","FALSE"
"ZNF175","ZNF81","FR_positive","FALSE"
"TRABD2B","TRABD2A","ambiguous","FALSE"
"WNT10B","WNT10A","ambiguous","FALSE"
"FOXR2","FOXR1","ambiguous","FALSE"
"TAF1L","TAF1","ambiguous","FALSE"
"KIF13B","KIF13A","ambiguous","FALSE"
"MAGT1","TUSC3","ambiguous","FALSE"
"SNRPB","SNRPN","ambiguous","FALSE"
"PLPP5","PLPP4","ambiguous","FALSE"
"LHFPL6","LHFPL1","ambiguous","FALSE"
"BTF3L4","BTF3","ambiguous","FALSE"
"AGPAT3","AGPAT4","ambiguous","FALSE"
"DAAM2","DAAM1","ambiguous","FALSE"
"SLC28A2","SLC28A1","ambiguous","FALSE"
"SGTB","SGTA","FR_positive","FALSE"
"TRPM3","TRPM1","ambiguous","FALSE"
"CAMK2N2","CAMK2N1","ambiguous","FALSE"
"PCMTD2","PCMTD1","FR_negative","TRUE"
"YIPF7","YIPF5","ambiguous","FALSE"
"PTPN11","PTPN6","ambiguous","FALSE"
"ZNF24","ZNF396","ambiguous","FALSE"
"ASAP1","ASAP2","ambiguous","FALSE"
"STRIP2","STRIP1","ambiguous","FALSE"
"SOX1","SOX2","ambiguous","FALSE"
"PHKG2","PHKG1","ambiguous","FALSE"
"PYCR2","PYCR1","ambiguous","FALSE"
"GOLGA7B","GOLGA7","ambiguous","FALSE"
"CXCL6","CXCL5","ambiguous","FALSE"
"DERL3","DERL2","ambiguous","FALSE"
"CSGALNACT2","CSGALNACT1","ambiguous","FALSE"
"NLN","THOP1","ambiguous","FALSE"
"DDTL","DDT","ambiguous","FALSE"
"SMARCA1","SMARCA5","ambiguous","FALSE"
"SLC25A52","SLC25A51","ambiguous","FALSE"
"CABP5","CABP2","FR_positive","FALSE"
"CHUK","IKBKB","ambiguous","FALSE"
"KDELC2","KDELC1","FR_positive","FALSE"
"DHRS4L2","DHRS4","ambiguous","FALSE"
"FAT3","FAT1","ambiguous","FALSE"
"SLC18A2","SLC18A1","ambiguous","FALSE"
"CXCR2","CXCR1","ambiguous","FALSE"
"PREX2","PREX1","ambiguous","FALSE"
"CADPS2","CADPS","ambiguous","FALSE"
"SLC6A3","SLC6A2","ambiguous","FALSE"
"SFRP5","SFRP1","ambiguous","FALSE"
"RING1","RNF2","ambiguous","FALSE"
"IPO8","IPO7","ambiguous","FALSE"
"ABCC8","ABCC9","ambiguous","FALSE"
"KLF7","KLF6","ambiguous","FALSE"
"MOGAT2","MOGAT1","ambiguous","FALSE"
"SDSL","SDS","ambiguous","FALSE"
"SOS2","SOS1","FR_negative","TRUE"
"GABPB2","GABPB1","FR_negative","TRUE"
"HTR1D","HTR1B","ambiguous","FALSE"
"CHRNB2","CHRNB4","ambiguous","FALSE"
"CIB3","CIB2","ambiguous","FALSE"
"IDI2","IDI1","ambiguous","FALSE"
"TLR6","TLR1","ambiguous","FALSE"
"CCDC74B","CCDC74A","ambiguous","FALSE"
"CTPS2","CTPS1","ambiguous","FALSE"
"CNOT6L","CNOT6","ambiguous","FALSE"
"CHRM4","CHRM2","ambiguous","FALSE"
"AMELX","AMELY","ambiguous","FALSE"
"CACNG7","CACNG5","ambiguous","FALSE"
"KHDRBS3","KHDRBS2","ambiguous","FALSE"
"GLS2","GLS","ambiguous","FALSE"
"NAPB","NAPA","FR_positive","FALSE"
"DSCAML1","DSCAM","ambiguous","FALSE"
"CHRFAM7A","CHRNA7","ambiguous","FALSE"
"ATP6V1B1","ATP6V1B2","ambiguous","FALSE"
"KCNK13","KCNK12","ambiguous","FALSE"
"CSAD","GADL1","ambiguous","FALSE"
"RANBP10","RANBP9","ambiguous","FALSE"
"TAF9B","TAF9","ambiguous","FALSE"
"ARAF","RAF1","ambiguous","FALSE"
"ARHGEF3","NET1","ambiguous","FALSE"
"WFIKKN2","WFIKKN1","ambiguous","FALSE"
"RAB33B","RAB33A","ambiguous","FALSE"
"SLC25A14","SLC25A30","ambiguous","FALSE"
"GNPDA2","GNPDA1","ambiguous","FALSE"
"CD200R1L","CD200R1","ambiguous","FALSE"
"CUL4B","CUL4A","FR_negative","TRUE"
"TMED3","TMED7","FR_negative","TRUE"
"KCNB2","KCNB1","ambiguous","FALSE"
"CYP11B2","CYP11B1","ambiguous","FALSE"
"SLC1A5","SLC1A4","ambiguous","FALSE"
"DOCK4","DOCK3","FR_positive","FALSE"
"RAB39B","RAB39A","ambiguous","FALSE"
"LYZL2","LYZL1","ambiguous","FALSE"
"PHKA2","PHKA1","ambiguous","FALSE"
"KCNH5","KCNH1","ambiguous","FALSE"
"PRKAB2","PRKAB1","ambiguous","FALSE"
"P4HA2","P4HA1","ambiguous","FALSE"
"STX12","STX7","FR_negative","TRUE"
"HEY2","HEY1","ambiguous","FALSE"
"NIPSNAP2","NIPSNAP1","ambiguous","FALSE"
"NOVA2","NOVA1","ambiguous","FALSE"
"TBX5","TBX4","ambiguous","FALSE"
"PSMB6","PSMB9","FR_negative","TRUE"
"FSCN2","FSCN1","ambiguous","FALSE"
"DYRK3","DYRK2","ambiguous","FALSE"
"YBX3","YBX1","ambiguous","FALSE"
"SLC9B2","SLC9B1","ambiguous","FALSE"
"ABCD1","ABCD2","ambiguous","FALSE"
"HMGN4","HMGN2","ambiguous","FALSE"
"ADCY5","ADCY6","FR_negative","TRUE"
"CACNA2D4","CACNA2D3","ambiguous","FALSE"
"ACTRT1","ACTRT2","ambiguous","FALSE"
"CANX","CLGN","ambiguous","FALSE"
"SNCB","SNCA","ambiguous","FALSE"
"SCGB2A2","SCGB2A1","ambiguous","FALSE"
"HIGD1C","HIGD1A","ambiguous","FALSE"
"PARVB","PARVA","ambiguous","FALSE"
"ABL1","ABL2","ambiguous","FALSE"
"BRWD3","PHIP","ambiguous","FALSE"
"TBX3","TBX2","ambiguous","FALSE"
"SMURF2","SMURF1","ambiguous","FALSE"
"PRKCI","PRKCZ","ambiguous","FALSE"
"AIF1","AIF1L","ambiguous","FALSE"
"ESRRG","ESRRA","ambiguous","FALSE"
"STAMBPL1","STAMBP","ambiguous","FALSE"
"WNT7B","WNT7A","ambiguous","FALSE"
"OSBPL8","OSBPL5","ambiguous","FALSE"
"NAT2","NAT1","ambiguous","FALSE"
"MTHFD2L","MTHFD2","ambiguous","FALSE"
"CNNM4","CNNM2","ambiguous","FALSE"
"AOC2","AOC3","ambiguous","FALSE"
"KAT2B","KAT2A","ambiguous","FALSE"
"PHYHIPL","PHYHIP","FR_positive","FALSE"
"SCAMP5","SCAMP4","ambiguous","FALSE"
"LRP1B","LRP1","ambiguous","FALSE"
"CLCA4","CLCA1","ambiguous","FALSE"
"MTNR1B","MTNR1A","ambiguous","FALSE"
"IFIT3","IFIT2","ambiguous","FALSE"
"PI15","R3HDML","ambiguous","FALSE"
"SULF2","SULF1","ambiguous","FALSE"
"FZD6","FZD3","ambiguous","FALSE"
"SLC22A1","SLC22A2","ambiguous","FALSE"
"ELANE","PRTN3","ambiguous","FALSE"
"GMFG","GMFB","ambiguous","FALSE"
"DYRK1B","DYRK1A","ambiguous","FALSE"
"NPTX2","NPTX1","FR_positive","FALSE"
"SNX12","SNX3","ambiguous","FALSE"
"CERS3","CERS2","ambiguous","FALSE"
"SLC6A17","SLC6A15","FR_positive","FALSE"
"ELMO2","ELMO1","ambiguous","FALSE"
"USP32","USP6","FR_negative","TRUE"
"SFT2D2","SFT2D1","ambiguous","FALSE"
"SPRR1B","SPRR1A","ambiguous","FALSE"
"ZFP69B","ZFP69","FR_positive","FALSE"
"TAOK3","TAOK1","ambiguous","FALSE"
"LMX1B","LMX1A","ambiguous","FALSE"
"RASD2","RASD1","ambiguous","FALSE"
"FAM78B","FAM78A","ambiguous","FALSE"
"ULK2","ULK1","ambiguous","FALSE"
"SCGB1C2","SCGB1C1","ambiguous","FALSE"
"ATP8A1","ATP8A2","ambiguous","FALSE"
"CAND2","CAND1","ambiguous","FALSE"
"RIT2","RIT1","ambiguous","FALSE"
"RTP2","RTP1","ambiguous","FALSE"
"ROPN1B","ROPN1","ambiguous","FALSE"
"SNX1","SNX2","ambiguous","FALSE"
"LDLRAD4","PMEPA1","ambiguous","FALSE"
"HCRTR2","HCRTR1","ambiguous","FALSE"
"SIX6","SIX3","ambiguous","FALSE"
"TMEM55B","TMEM55A","ambiguous","FALSE"
"SPTLC3","SPTLC2","ambiguous","FALSE"
"PAIP2B","PAIP2","ambiguous","FALSE"
"PAFAH1B3","PAFAH1B2","ambiguous","FALSE"
"BZW2","BZW1","ambiguous","FALSE"
"CDH1","CDH3","ambiguous","FALSE"
"DDI2","DDI1","ambiguous","FALSE"
"UBALD2","UBALD1","ambiguous","FALSE"
"FAM49B","FAM49A","ambiguous","FALSE"
"MPPED2","MPPED1","ambiguous","FALSE"
"SLC25A15","SLC25A2","ambiguous","FALSE"
"GFPT2","GFPT1","FR_negative","TRUE"
"GSPT2","GSPT1","ambiguous","FALSE"
"TSSK2","TSSK1B","ambiguous","FALSE"
"NLRP7","NLRP2","ambiguous","FALSE"
"TMEM50B","TMEM50A","ambiguous","FALSE"
"LHX1","LHX5","ambiguous","FALSE"
"BRSK2","BRSK1","ambiguous","FALSE"
"ATP9A","ATP9B","ambiguous","FALSE"
"MZT2B","MZT2A","ambiguous","FALSE"
"KLHL13","KLHL9","ambiguous","FALSE"
"PSEN2","PSEN1","ambiguous","FALSE"
"KCNT2","KCNT1","ambiguous","FALSE"
"CA11","CA10","ambiguous","FALSE"
"UBTD2","UBTD1","ambiguous","FALSE"
"PNPLA7","PNPLA6","ambiguous","FALSE"
"ZDHHC7","ZDHHC3","ambiguous","FALSE"
"ETS2","ETS1","ambiguous","FALSE"
"ENOX2","ENOX1","ambiguous","FALSE"
"ANO3","ANO4","ambiguous","FALSE"
"AADACL3","AADACL4","ambiguous","FALSE"
"COPZ2","COPZ1","ambiguous","FALSE"
"PRPSAP2","PRPSAP1","ambiguous","FALSE"
"SPRED2","SPRED1","ambiguous","FALSE"
"EZH2","EZH1","ambiguous","FALSE"
"KLHL2","KLHL3","ambiguous","FALSE"
"ENC1","KLHL25","ambiguous","FALSE"
"ATP6V0D1","ATP6V0D2","ambiguous","FALSE"
"MYO1B","MYO1A","ambiguous","FALSE"
"DYSF","MYOF","ambiguous","FALSE"
"NEK7","NEK6","ambiguous","FALSE"
"LDB2","LDB1","ambiguous","FALSE"
"GOLT1B","GOLT1A","ambiguous","FALSE"
"ATRN","ATRNL1","ambiguous","FALSE"
"GALR3","GALR2","ambiguous","FALSE"
"MRFAP1L1","MRFAP1","FR_positive","FALSE"
"ZNF181","ZNF302","ambiguous","FALSE"
"PLPPR5","PLPPR1","ambiguous","FALSE"
"SEC14L5","SEC14L1","ambiguous","FALSE"
"SLC22A12","SLC22A11","ambiguous","FALSE"
"LEFTY2","LEFTY1","ambiguous","FALSE"
"DLX6","DLX1","ambiguous","FALSE"
"PRSS41","PRSS21","ambiguous","FALSE"
"IFFO2","IFFO1","ambiguous","FALSE"
"C1QTNF9B","C1QTNF9","ambiguous","FALSE"
"CDKN2B","CDKN2A","FR_positive","FALSE"
"NAA16","NAA15","ambiguous","FALSE"
"SSTR4","SSTR1","ambiguous","FALSE"
"ROR2","ROR1","ambiguous","FALSE"
"BTBD1","BTBD2","ambiguous","FALSE"
"ADAMTS16","ADAMTS18","ambiguous","FALSE"
"GFOD2","GFOD1","ambiguous","FALSE"
"MAP3K15","MAP3K5","ambiguous","FALSE"
"SOX6","SOX5","ambiguous","FALSE"
"PACS2","PACS1","ambiguous","FALSE"
"CHI3L2","CHI3L1","ambiguous","FALSE"
"SLC43A2","SLC43A1","ambiguous","FALSE"
"RNASE3","RNASE2","ambiguous","FALSE"
"FAM24B","FAM24A","ambiguous","FALSE"
"LMBR1L","LMBR1","ambiguous","FALSE"
"AMMECR1","AMMECR1L","ambiguous","FALSE"
"PAPSS2","PAPSS1","ambiguous","FALSE"
"DCC","NEO1","ambiguous","FALSE"
"ABI1","ABI2","ambiguous","FALSE"
"MMEL1","MME","ambiguous","FALSE"
"SALL3","SALL1","ambiguous","FALSE"
"SFTPA2","SFTPA1","ambiguous","FALSE"
"LMNB2","LMNB1","ambiguous","FALSE"
"CRABP2","CRABP1","ambiguous","FALSE"
"MSC","TCF21","ambiguous","FALSE"
"SCX","TCF15","ambiguous","FALSE"
"ALDH1L1","ALDH1L2","ambiguous","FALSE"
"UPP2","UPP1","ambiguous","FALSE"
"INSIG2","INSIG1","ambiguous","FALSE"
"FES","FER","FR_positive","FALSE"
"STOML3","STOM","ambiguous","FALSE"
"RAPGEF6","RAPGEF2","ambiguous","FALSE"
"GATA3","GATA2","FR_positive","FALSE"
"NETO2","NETO1","ambiguous","FALSE"
"CPLX4","CPLX3","ambiguous","FALSE"
"MAPK8IP3","SPAG9","ambiguous","FALSE"
"NCK2","NCK1","ambiguous","FALSE"
"CPLX2","CPLX1","ambiguous","FALSE"
"GRHL2","GRHL1","ambiguous","FALSE"
"TMEM63B","TMEM63A","ambiguous","FALSE"
"PSKH2","PSKH1","ambiguous","FALSE"
"BTNL8","BTNL3","ambiguous","FALSE"
"GPC6","GPC4","ambiguous","FALSE"
"NTNG2","NTNG1","ambiguous","FALSE"
"PRKAR2B","PRKAR2A","ambiguous","FALSE"
"HRASLS2","PLA2G16","ambiguous","FALSE"
"SORCS3","SORCS1","ambiguous","FALSE"
"SEMA3F","SEMA3C","ambiguous","FALSE"
"CALB2","CALB1","FR_positive","FALSE"
"RDH12","RDH11","ambiguous","FALSE"
"SLC16A3","SLC16A8","ambiguous","FALSE"
"RAB22A","RAB31","ambiguous","FALSE"
"WNT9B","WNT9A","FR_positive","FALSE"
"SGMS2","SGMS1","ambiguous","FALSE"
"SLC7A7","SLC7A6","ambiguous","FALSE"
"SEC11C","SEC11A","FR_negative","TRUE"
"TRIM3","TRIM2","ambiguous","FALSE"
"CDK2AP2","CDK2AP1","ambiguous","FALSE"
"MAOB","MAOA","ambiguous","FALSE"
"ANXA1","ANXA2","ambiguous","FALSE"
"C2CD4B","C2CD4A","ambiguous","FALSE"
"PSMB10","PSMB7","ambiguous","FALSE"
"ANKRD18A","ANKRD18B","ambiguous","FALSE"
"KBTBD7","KBTBD6","FR_positive","FALSE"
"DNASE1L2","DNASE1","ambiguous","FALSE"
"VANGL2","VANGL1","ambiguous","FALSE"
"ZC3H12C","ZC3H12B","ambiguous","FALSE"
"ALOX12","ALOX15","ambiguous","FALSE"
"GSN","SCIN","ambiguous","FALSE"
"PDE8B","PDE8A","ambiguous","FALSE"
"DRD5","DRD1","ambiguous","FALSE"
"NSG2","NSG1","ambiguous","FALSE"
"BTBD6","BTBD3","ambiguous","FALSE"
"AGR2","AGR3","ambiguous","FALSE"
"GLB1L3","GLB1L2","ambiguous","FALSE"
"FLVCR2","FLVCR1","ambiguous","FALSE"
"FRMD5","FRMD3","ambiguous","FALSE"
"C1GALT1C1L","C1GALT1C1","ambiguous","FALSE"
"WNT2B","WNT2","ambiguous","FALSE"
"CYFIP2","CYFIP1","ambiguous","FALSE"
"RASL10B","RASL10A","ambiguous","FALSE"
"BTN2A2","BTN2A1","ambiguous","FALSE"
"HNF4G","HNF4A","ambiguous","FALSE"
"SLC22A5","SLC22A4","FR_positive","FALSE"
"TMEM9B","TMEM9","ambiguous","FALSE"
"PRRX2","PRRX1","ambiguous","FALSE"
"FAM76B","FAM76A","ambiguous","FALSE"
"RPS6KB2","RPS6KB1","ambiguous","FALSE"
"RALGPS2","RALGPS1","ambiguous","FALSE"
"DDX60L","DDX60","ambiguous","FALSE"
"PPP2CB","PPP2CA","ambiguous","FALSE"
"PTPN1","PTPN2","ambiguous","FALSE"
"CACNA2D2","CACNA2D1","ambiguous","FALSE"
"PSMA8","PSMA7","ambiguous","FALSE"
"SYK","ZAP70","ambiguous","FALSE"
"PPP3R2","PPP3R1","ambiguous","FALSE"
"DYNLT3","DYNLT1","ambiguous","FALSE"
"OTUD7B","OTUD7A","ambiguous","FALSE"
"SLFN12L","SLFN12","ambiguous","FALSE"
"PDHA2","PDHA1","ambiguous","FALSE"
"PAX7","PAX3","ambiguous","FALSE"
"NUCB2","NUCB1","ambiguous","FALSE"
"CLDN8","CLDN17","ambiguous","FALSE"
"GCA","SRI","ambiguous","FALSE"
"ZNF385D","ZNF385B","ambiguous","FALSE"
"MPP3","MPP7","ambiguous","FALSE"
"NT5DC3","NT5DC2","ambiguous","FALSE"
"UNC119B","UNC119","ambiguous","FALSE"
"SFMBT2","SFMBT1","ambiguous","FALSE"
"PIK3CD","PIK3CB","ambiguous","FALSE"
"SLC41A2","SLC41A1","ambiguous","FALSE"
"RBM38","RBM24","ambiguous","FALSE"
"DMWD","WDR20","ambiguous","FALSE"
"ST7L","ST7","ambiguous","FALSE"
"CLCNKB","CLCNKA","ambiguous","FALSE"
"UCK2","UCK1","FR_positive","FALSE"
"ITGB5","ITGB3","ambiguous","FALSE"
"METTL2B","METTL2A","ambiguous","FALSE"
"MTHFD1L","MTHFD1","ambiguous","FALSE"
"RBPMS2","RBPMS","ambiguous","FALSE"
"B4GALT6","B4GALT5","ambiguous","FALSE"
"MPST","TST","ambiguous","FALSE"
"SEC61A2","SEC61A1","ambiguous","FALSE"
"MGAM","SI","ambiguous","FALSE"
"LLGL2","LLGL1","ambiguous","FALSE"
"TANC2","TANC1","ambiguous","FALSE"
"MYO1D","MYO1G","ambiguous","FALSE"
"CTNNB1","JUP","ambiguous","FALSE"
"DPY19L2","DPY19L1","ambiguous","FALSE"
"SYNGR3","SYNGR1","FR_positive","FALSE"
"DEGS2","DEGS1","ambiguous","FALSE"
"KIAA1324L","KIAA1324","ambiguous","FALSE"
"MYO1C","MYO1H","ambiguous","FALSE"
"TRPV6","TRPV5","ambiguous","FALSE"
"TAS2R40","TAS2R39","ambiguous","FALSE"
"STEAP1B","STEAP1","ambiguous","FALSE"
"LHX8","LHX6","ambiguous","FALSE"
"PGLYRP4","PGLYRP3","ambiguous","FALSE"
"ADAP1","ADAP2","ambiguous","FALSE"
"RNF38","RNF44","ambiguous","FALSE"
"SIPA1L2","SIPA1L1","ambiguous","FALSE"
"KDM5D","KDM5C","ambiguous","FALSE"
"FAM160B2","FAM160B1","ambiguous","FALSE"
"HOXA7","HOXB7","ambiguous","FALSE"
"CD209","CLEC4M","ambiguous","FALSE"
"CNBP","ZCCHC13","ambiguous","FALSE"
"PRKCH","PRKCE","ambiguous","FALSE"
"ITSN2","ITSN1","ambiguous","FALSE"
"NRBP2","NRBP1","ambiguous","FALSE"
"RPL3","RPL3L","ambiguous","FALSE"
"HPRT1","PRTFDC1","ambiguous","FALSE"
"SLC25A18","SLC25A22","ambiguous","FALSE"
"PILRB","PILRA","ambiguous","FALSE"
"SPRY2","SPRY1","ambiguous","FALSE"
"ABCG1","ABCG4","ambiguous","FALSE"
"GRM1","GRM5","FR_positive","FALSE"
"SYP","SYNPR","ambiguous","FALSE"
"GOLPH3L","GOLPH3","ambiguous","FALSE"
"BMP4","BMP2","ambiguous","FALSE"
"WDR5B","WDR5","ambiguous","FALSE"
"PF4V1","PF4","ambiguous","FALSE"
"SMOC2","SMOC1","ambiguous","FALSE"
"MYO1F","MYO1E","ambiguous","FALSE"
"KIF4B","KIF4A","FR_positive","FALSE"
"DGKZ","DGKI","ambiguous","FALSE"
"OXCT2","OXCT1","ambiguous","FALSE"
"PRKAR1B","PRKAR1A","FR_negative","TRUE"
"PGK2","PGK1","ambiguous","FALSE"
"TMEM185B","TMEM185A","ambiguous","FALSE"
"LANCL2","LANCL1","ambiguous","FALSE"
"PXDNL","PXDN","ambiguous","FALSE"
"RALYL","RALY","ambiguous","FALSE"
"B4GALT2","B4GALT1","ambiguous","FALSE"
"AKR7A2","AKR7A3","ambiguous","FALSE"
"NHLH2","NHLH1","ambiguous","FALSE"
"PTPRE","PTPRA","ambiguous","FALSE"
"KCTD2","KCTD5","FR_positive","FALSE"
"ANGPT1","ANGPT2","ambiguous","FALSE"
"SAMD9L","SAMD9","ambiguous","FALSE"
"EMX2","EMX1","ambiguous","FALSE"
"LMO3","LMO1","ambiguous","FALSE"
"BHMT2","BHMT","ambiguous","FALSE"
"AVP","OXT","ambiguous","FALSE"
"CRY2","CRY1","ambiguous","FALSE"
"MBOAT2","MBOAT1","ambiguous","FALSE"
"LGI2","LGI1","ambiguous","FALSE"
"MFN2","MFN1","FR_negative","TRUE"
"TCAF2","TCAF1","ambiguous","FALSE"
"WNT3A","WNT3","ambiguous","FALSE"
"STK3","STK4","ambiguous","FALSE"
"DGKH","DGKD","ambiguous","FALSE"
"RHBDL3","RHBDL1","ambiguous","FALSE"
"TYW1B","TYW1","ambiguous","FALSE"
"RHEBL1","RHEB","ambiguous","FALSE"
"CAPNS2","CAPNS1","FR_positive","FALSE"
"PRICKLE2","PRICKLE1","ambiguous","FALSE"
"ARFIP1","ARFIP2","ambiguous","FALSE"
"GAD2","GAD1","ambiguous","FALSE"
"GPR21","GPR52","ambiguous","FALSE"
"LRRTM4","LRRTM3","ambiguous","FALSE"
"ZCCHC12","ZCCHC18","ambiguous","FALSE"
"CCNYL1","CCNY","ambiguous","FALSE"
"GDF11","MSTN","ambiguous","FALSE"
"ALAS1","ALAS2","ambiguous","FALSE"
"MED12L","MED12","ambiguous","FALSE"
"ISL2","ISL1","ambiguous","FALSE"
"RHOBTB2","RHOBTB1","ambiguous","FALSE"
"FAM120C","FAM120A","ambiguous","FALSE"
"APCS","CRP","ambiguous","FALSE"
"APH1A","APH1B","ambiguous","FALSE"
"PPP1R14C","PPP1R14B","ambiguous","FALSE"
"GREM2","GREM1","ambiguous","FALSE"
"TOB2","TOB1","ambiguous","FALSE"
"TTC21B","TTC21A","ambiguous","FALSE"
"TRIB2","TRIB1","ambiguous","FALSE"
"DHFR2","DHFR","ambiguous","FALSE"
"BOD1L2","BOD1","ambiguous","FALSE"
"SERP2","SERP1","ambiguous","FALSE"
"FSTL5","FSTL4","FR_positive","FALSE"
"FCGR1B","FCGR1A","ambiguous","FALSE"
"PLCB3","PLCB1","ambiguous","FALSE"
"PRKCD","PRKCQ","ambiguous","FALSE"
"MKNK2","MKNK1","ambiguous","FALSE"
"PTPN4","PTPN3","ambiguous","FALSE"
"RHOT2","RHOT1","ambiguous","FALSE"
"ZNF419","ZNF773","ambiguous","FALSE"
"ATF2","ATF7","ambiguous","FALSE"
"ANO1","ANO2","ambiguous","FALSE"
"KDM6A","UTY","ambiguous","FALSE"
"GALNT10","GALNTL6","ambiguous","FALSE"
"STX10","STX6","ambiguous","FALSE"
"NCKAP1L","NCKAP1","ambiguous","FALSE"
"SETSIP","SET","FR_positive","FALSE"
"USP12","USP46","ambiguous","FALSE"
"NAP1L4","NAP1L1","ambiguous","FALSE"
"HOXA6","HOXB6","ambiguous","FALSE"
"ZYG11B","ZYG11A","ambiguous","FALSE"
"CALCRL","CALCR","ambiguous","FALSE"
"DUOX2","DUOX1","ambiguous","FALSE"
"NTN3","NTN1","ambiguous","FALSE"
"NPBWR2","NPBWR1","ambiguous","FALSE"
"PGM2L1","PGM2","ambiguous","FALSE"
"TSPAN7","TSPAN6","ambiguous","FALSE"
"UTP14C","UTP14A","ambiguous","FALSE"
"SHOX2","SHOX","FR_positive","FALSE"
"FBXL20","FBXL2","ambiguous","FALSE"
"TBX18","TBX15","ambiguous","FALSE"
"ABTB2","BTBD11","ambiguous","FALSE"
"EFHD2","EFHD1","ambiguous","FALSE"
"TGIF2LY","TGIF2LX","ambiguous","FALSE"
"PDE7B","PDE7A","ambiguous","FALSE"
"GLB1L","GLB1","ambiguous","FALSE"
"BTG2","BTG1","ambiguous","FALSE"
"FCN2","FCN1","ambiguous","FALSE"
"SLC35E2B","SLC35E2","ambiguous","FALSE"
"ZNF146","ZNF260","ambiguous","FALSE"
"NECAP2","NECAP1","FR_positive","FALSE"
"PCK2","PCK1","ambiguous","FALSE"
"CRYBB3","CRYBB2","ambiguous","FALSE"
"ITLN2","ITLN1","ambiguous","FALSE"
"SLC2A7","SLC2A5","ambiguous","FALSE"
"ADIPOR1","ADIPOR2","ambiguous","FALSE"
"DPP9","DPP8","ambiguous","FALSE"
"SAP30L","SAP30","ambiguous","FALSE"
"SLC16A1","SLC16A7","ambiguous","FALSE"
"GAPDHS","GAPDH","ambiguous","FALSE"
"HSD17B13","HSD17B11","ambiguous","FALSE"
"LRBA","NBEA","ambiguous","FALSE"
"ERC2","ERC1","ambiguous","FALSE"
"SLC5A8","SLC5A12","FR_positive","FALSE"
"DOC2B","DOC2A","ambiguous","FALSE"
"HTR1F","HTR1E","ambiguous","FALSE"
"GYS2","GYS1","ambiguous","FALSE"
"RPL39L","RPL39","ambiguous","FALSE"
"LRRN3","LRRN1","ambiguous","FALSE"
"KCTD15","KCTD1","ambiguous","FALSE"
"MDGA2","MDGA1","ambiguous","FALSE"
"KCNJ11","KCNJ8","FR_positive","FALSE"
"SIDT2","SIDT1","ambiguous","FALSE"
"DDR2","DDR1","ambiguous","FALSE"
"LHX2","LHX9","ambiguous","FALSE"
"UGT3A2","UGT3A1","ambiguous","FALSE"
"CDK15","CDK14","ambiguous","FALSE"
"A2M","PZP","ambiguous","FALSE"
"FARP2","FARP1","FR_positive","FALSE"
"CERS6","CERS5","ambiguous","FALSE"
"SH3BGRL2","SH3BGRL","ambiguous","FALSE"
"FEM1C","FEM1A","ambiguous","FALSE"
"GPX2","GPX1","ambiguous","FALSE"
"FAM200B","FAM200A","ambiguous","FALSE"
"CHPF2","CHPF","ambiguous","FALSE"
"ENTPD7","ENTPD4","FR_positive","FALSE"
"BECN2","BECN1","ambiguous","FALSE"
"COL4A6","COL4A2","ambiguous","FALSE"
"TRAPPC6B","TRAPPC6A","FR_negative","TRUE"
"CRISP3","CRISP2","ambiguous","FALSE"
"BCL11B","BCL11A","FR_positive","FALSE"
"ATXN3","ATXN3L","ambiguous","FALSE"
"TTC30B","TTC30A","ambiguous","FALSE"
"SPOCK3","SPOCK1","ambiguous","FALSE"
"HOOK3","HOOK1","FR_positive","FALSE"
"ERO1B","ERO1A","ambiguous","FALSE"
"ARHGAP10","ARHGAP26","ambiguous","FALSE"
"ARFGAP2","ARFGAP3","ambiguous","FALSE"
"SLC37A2","SLC37A1","FR_positive","FALSE"
"RAB26","RAB37","ambiguous","FALSE"
"ATP8B1","ATP8B4","ambiguous","FALSE"
"FAM133B","FAM133A","ambiguous","FALSE"
"DDX43","DDX53","ambiguous","FALSE"
"ASIC1","ASIC2","ambiguous","FALSE"
"OBP2B","OBP2A","ambiguous","FALSE"
"RPRD1B","RPRD1A","ambiguous","FALSE"
"FAM47B","FAM47A","FR_positive","FALSE"
"SLC6A19","SLC6A18","ambiguous","FALSE"
"MSI2","MSI1","ambiguous","FALSE"
"PKNOX2","PKNOX1","ambiguous","FALSE"
"PTPN14","PTPN21","ambiguous","FALSE"
"E2F5","E2F4","ambiguous","FALSE"
"GSTO2","GSTO1","ambiguous","FALSE"
"LCE3E","LCE3D","ambiguous","FALSE"
"NUMBL","NUMB","FR_positive","FALSE"
"STXBP5L","STXBP5","ambiguous","FALSE"
"CELF2","CELF1","FR_positive","FALSE"
"AQP12A","AQP12B","FR_positive","FALSE"
"RASGRF2","RASGRF1","ambiguous","FALSE"
"TBC1D22B","TBC1D22A","FR_positive","FALSE"
"MGAT4B","MGAT4A","ambiguous","FALSE"
"DENND6B","DENND6A","ambiguous","FALSE"
"IGFL3","IGFL2","ambiguous","FALSE"
"CHRNA10","CHRNA9","ambiguous","FALSE"
"JAG2","JAG1","ambiguous","FALSE"
"FN3KRP","FN3K","ambiguous","FALSE"
"TSPAN4","TSPAN9","FR_positive","FALSE"
"YY2","YY1","ambiguous","FALSE"
"KIF3C","KIF3B","FR_positive","FALSE"
"COX7B2","COX7B","ambiguous","FALSE"
"ALG1L","ALG1L2","ambiguous","FALSE"
"TOR1B","TOR1A","ambiguous","FALSE"
"GREB1L","GREB1","FR_positive","FALSE"
"DPP4","FAP","ambiguous","FALSE"
"IL1RAPL2","IL1RAPL1","ambiguous","FALSE"
"RGS7","RGS6","ambiguous","FALSE"
"FBXO25","FBXO32","FR_positive","FALSE"
"EFR3B","EFR3A","FR_positive","FALSE"
"BTRC","FBXW11","ambiguous","FALSE"
"PRKAA2","PRKAA1","ambiguous","FALSE"
"RGS19","RGS17","ambiguous","FALSE"
"TRAPPC3L","TRAPPC3","ambiguous","FALSE"
"DENND5B","DENND5A","FR_positive","FALSE"
"RAB27B","RAB27A","FR_positive","FALSE"
"FAM102B","FAM102A","ambiguous","FALSE"
"L3MBTL2","MBTD1","ambiguous","FALSE"
"MTSS1L","MTSS1","FR_positive","FALSE"
"EIF4E1B","EIF4E","FR_positive","FALSE"
"NDUFA4L2","NDUFA4","ambiguous","FALSE"
"SPTAN1","SPTA1","FR_positive","FALSE"
"MSX2","MSX1","FR_positive","FALSE"
"SEMA5B","SEMA5A","ambiguous","FALSE"
"HEXB","HEXA","FR_positive","FALSE"
"RAD23B","RAD23A","ambiguous","FALSE"
"HSD3B2","HSD3B1","FR_positive","FALSE"
"MMD2","MMD","FR_positive","FALSE"
"OCM2","OCM","FR_positive","FALSE"
"SOX14","SOX21","FR_positive","FALSE"
"TRIM9","TRIM67","FR_positive","FALSE"
"ESRP2","ESRP1","FR_positive","FALSE"
"LTF","TF","ambiguous","FALSE"
"MOAP1","PNMA1","FR_positive","FALSE"
"TPTE2","TPTE","FR_positive","FALSE"
"RCBTB2","RCBTB1","FR_positive","FALSE"
"ERLIN2","ERLIN1","ambiguous","FALSE"
"GXYLT2","GXYLT1","ambiguous","FALSE"
"GALNT1","GALNT13","ambiguous","FALSE"
"TGFB3","TGFB2","FR_positive","FALSE"
"CASQ2","CASQ1","ambiguous","FALSE"
"DIRAS2","DIRAS1","FR_positive","FALSE"
"MEGF11","MEGF10","FR_positive","FALSE"
"RNF121","RNF175","FR_positive","FALSE"
"BCAT2","BCAT1","FR_positive","FALSE"
"MAN2A2","MAN2A1","ambiguous","FALSE"
"OGDHL","OGDH","FR_positive","FALSE"
"FSD1L","FSD1","FR_positive","FALSE"
"CDH2","CDH4","ambiguous","FALSE"
"SLC25A13","SLC25A12","FR_positive","FALSE"
"ZNF300","ZNF630","ambiguous","FALSE"
"FAM168B","FAM168A","FR_positive","FALSE"
"FAR2","FAR1","ambiguous","FALSE"
"CBR3","CBR1","FR_positive","FALSE"
"ST8SIA4","ST8SIA2","ambiguous","FALSE"
"HEATR5B","HEATR5A","ambiguous","FALSE"
"KIF21B","KIF21A","FR_positive","FALSE"
"RPEL1","RPE","ambiguous","FALSE"
"CHP2","CHP1","FR_positive","FALSE"
"SRGAP2C","SRGAP2B","FR_positive","FALSE"
"DST","MACF1","FR_positive","FALSE"
"FAM9C","FAM9B","ambiguous","FALSE"
"LIN28B","LIN28A","FR_positive","FALSE"
"ARHGEF6","ARHGEF7","ambiguous","FALSE"
"IL36G","IL36A","FR_positive","FALSE"
"ACTA2","ACTG2","FR_positive","FALSE"
"TWF2","TWF1","ambiguous","FALSE"
"AK3","AK4","ambiguous","FALSE"
"MAB21L2","MAB21L1","FR_positive","FALSE"
"RCAN3","RCAN2","FR_positive","FALSE"
"HAND2","HAND1","FR_positive","FALSE"
"ICK","MAK","FR_positive","FALSE"
"FRYL","FRY","FR_positive","FALSE"
"PDE6H","PDE6G","FR_positive","FALSE"
"SLC25A36","SLC25A33","ambiguous","FALSE"
"FEZF2","FEZF1","FR_positive","FALSE"
"CAP2","CAP1","FR_positive","FALSE"
"DEFB131B","DEFB131A","FR_positive","FALSE"
"UQCRHL","UQCRH","FR_positive","FALSE"
"CASP5","CASP4","FR_positive","FALSE"
"USP13","USP5","FR_positive","FALSE"
"BTBD10","KCTD20","FR_positive","FALSE"
"CPEB4","CPEB3","FR_positive","FALSE"
"HARS2","HARS","ambiguous","FALSE"
"SATB2","SATB1","ambiguous","FALSE"
"CYP26C1","CYP26B1","FR_positive","FALSE"
"NIPAL1","NIPA2","FR_positive","FALSE"
"NBPF3","NBPF15","ambiguous","FALSE"
"PDE1B","PDE1A","FR_positive","FALSE"
"CYP4Z1","CYP4X1","FR_positive","FALSE"
"ACTL6A","ACTL6B","FR_positive","FALSE"
"CLEC4C","CLEC6A","FR_positive","FALSE"
"ZFAND6","ZFAND5","FR_positive","FALSE"
"METTL7B","METTL7A","FR_positive","FALSE"
"PMPCB","UQCRC1","FR_positive","FALSE"
